Student_ID,Age,Gender,University_Year,Sleep_Duration,Study_Hours,Screen_Time,Caffeine_Intake,Physical_Activity,Sleep_Quality,Weekday_Sleep_Start,Weekend_Sleep_Start,Weekday_Sleep_End,Weekend_Sleep_End,GPA
1,24,Other,2nd Year,7.7,7.9,3.4,2,37,10,14:09:36,04:03:00,7.41,7.06,3.364002616706013
2,21,Male,1st Year,6.3,6.0,1.9,5,74,2,08:43:48,07:06:00,8.21,10.21,3.2638015635954165
3,22,Male,4th Year,5.1,6.7,3.9,5,53,5,20:00:00,20:28:12,6.88,10.92,2.5791263840829792
4,24,Other,4th Year,6.3,8.6,2.8,4,55,9,19:49:12,04:04:48,6.69,9.42,4.023438403419796
5,20,Male,4th Year,4.7,2.7,2.7,0,85,3,20:58:48,06:07:12,8.98,9.01,2.9903711502164914
6,25,Other,1st Year,4.9,12.0,3.2,3,96,9,09:48:00,18:49:48,5.04,10.51,2.667284794715652
7,22,Female,2nd Year,6.5,11.7,3.4,1,99,6,13:03:00,20:57:36,8.58,10.81,2.5216360171826846
8,22,Male,2nd Year,6.1,7.8,3.0,1,108,4,10:29:24,10:51:00,5.6,10.02,3.1630844892000107
9,24,Female,1st Year,8.6,2.4,1.4,1,86,7,11:03:36,18:52:48,8.14,8.78,3.16524466335665
10,19,Other,2nd Year,5.8,8.2,2.0,3,44,8,14:39:00,05:18:36,7.47,9.37,2.439349704036903
11,20,Female,1st Year,6.9,0.9,3.8,5,108,6,07:46:12,14:49:48,6.37,9.8,2.8794009066555715
12,24,Female,2nd Year,7.2,0.4,1.7,0,33,5,06:04:12,03:44:24,8.5,7.78,3.5825713138914668
13,20,Other,3rd Year,4.1,3.1,2.1,3,8,6,21:41:24,10:41:24,5.05,8.79,2.730418194332548
14,20,Female,3rd Year,7.3,5.6,2.3,1,87,5,17:39:00,18:21:00,5.91,10.32,3.0717773720614296
15,25,Female,4th Year,4.9,10.4,2.3,4,7,8,07:01:12,19:12:36,7.27,9.62,2.250882521091773
16,22,Other,3rd Year,8.8,8.7,2.8,2,6,1,13:52:48,10:28:12,6.41,8.64,2.9532365471540882
17,21,Female,3rd Year,4.7,8.9,3.8,3,35,7,08:05:24,06:45:36,7.44,9.65,2.0613890574462577
18,25,Other,3rd Year,6.1,5.1,1.7,3,17,10,14:42:36,06:22:12,5.1,7.47,3.2884417330791265
19,25,Female,1st Year,4.4,4.2,1.4,0,2,10,13:47:24,16:28:48,5.47,8.61,2.26345421598665
20,20,Other,3rd Year,9.0,4.5,1.6,0,27,2,18:40:12,17:55:12,5.51,10.17,3.074364722488899
21,23,Other,3rd Year,6.5,11.9,3.7,3,69,9,16:34:47.999999,21:39:36,5.76,7.88,3.867633831281522
22,22,Female,4th Year,7.0,0.5,2.9,1,107,1,09:17:23.999999,08:25:12,6.84,7.74,2.9651947449340526
23,19,Female,3rd Year,4.3,10.4,1.9,2,43,10,12:54:00,20:28:12,8.01,10.8,2.2601314772656353
24,25,Female,3rd Year,7.7,6.9,3.4,0,20,6,05:44:24,13:34:47.999999,8.62,7.84,2.7874585572992814
25,21,Male,2nd Year,5.0,5.3,3.6,1,27,9,04:06:00,09:58:12,8.34,8.04,2.277826835584181
26,23,Male,4th Year,8.5,8.7,3.5,4,103,1,10:37:48,03:15:36,5.79,10.88,3.141900649254348
27,23,Male,4th Year,5.0,5.8,3.8,0,53,4,06:04:48,15:45:36,6.76,9.94,2.520696763657464
28,19,Other,4th Year,5.0,10.5,1.8,1,53,4,15:33:36,17:00:00,5.8,9.8,2.3102717445038596
29,25,Female,4th Year,4.2,10.8,3.3,1,64,9,13:17:23.999999,08:55:12,6.06,10.41,1.5436528482139713
30,21,Other,4th Year,6.4,5.1,2.4,2,99,5,07:01:48,09:37:12,7.01,7.46,3.157147568786576
31,22,Male,4th Year,6.8,3.3,3.5,2,20,5,13:53:24,15:21:36,5.27,9.82,3.862432198990036
32,18,Female,1st Year,4.3,7.1,3.2,4,106,6,09:38:24,03:26:24,5.87,9.01,2.372469242002211
33,21,Other,3rd Year,7.9,10.9,3.3,1,98,1,18:06:36,05:06:00,8.74,10.32,3.756717057759642
34,19,Female,4th Year,6.3,2.5,3.0,5,12,1,09:24:00,17:31:12,6.86,9.03,3.2231212533758486
35,23,Other,3rd Year,6.6,7.5,1.5,1,56,9,03:54:36,17:13:12,6.78,9.48,3.108393943422536
36,22,Female,3rd Year,6.2,7.6,2.6,2,48,3,03:45:36,11:45:00,5.06,8.91,3.7988800496087105
37,21,Male,1st Year,6.0,8.8,4.0,5,117,4,06:47:24,06:31:48,5.99,8.91,3.355513429916099
38,18,Male,4th Year,6.8,1.6,3.8,0,53,1,06:20:24,21:07:12,8.47,10.07,4.1486686547992715
39,18,Female,2nd Year,4.8,8.6,1.1,0,9,9,10:16:48,08:07:48,5.66,9.51,2.4727400797021506
40,20,Other,1st Year,4.9,10.9,1.5,3,52,8,09:43:12,09:02:24,6.66,9.53,2.4680437393500867
41,20,Male,2nd Year,8.3,2.2,1.4,2,43,2,19:11:24,17:22:12,5.06,8.8,3.0517696257540314
42,24,Male,3rd Year,8.7,2.9,3.2,3,46,8,12:40:48,08:22:12,6.91,9.12,2.922369725230178
43,19,Male,3rd Year,5.9,11.7,3.5,5,52,7,12:31:48,03:12:00,5.08,9.98,3.0311231959762135
44,25,Female,1st Year,5.4,2.2,1.6,2,73,6,01:52:12,21:03:36,8.28,10.3,2.7266881086622914
45,21,Female,1st Year,7.2,10.3,2.5,4,45,1,12:57:00,15:36:36,8.3,9.79,3.0988807745899725
46,21,Other,2nd Year,6.0,5.9,3.5,1,12,7,10:27:36,13:14:24,8.15,10.7,2.974313311342484
47,25,Other,4th Year,4.1,3.0,3.2,4,36,10,10:48:00,04:00:36,6.13,10.28,2.620129921042384
48,24,Other,2nd Year,4.8,10.4,2.6,5,101,7,08:37:48,02:45:00,8.35,9.25,2.3441971473291505
49,23,Female,1st Year,7.6,5.3,2.8,2,23,9,06:17:23.999999,13:07:12,7.17,9.69,2.3431717234927603
50,23,Female,2nd Year,7.3,6.2,2.5,5,1,1,17:16:12,07:00:00,6.5,10.71,3.3598786743935474
51,24,Other,1st Year,4.1,4.3,1.9,1,85,2,10:54:00,11:22:12,7.5,9.48,2.45991156404289
52,23,Other,2nd Year,5.1,7.1,2.7,0,80,9,04:39:36,11:14:24,5.05,10.3,2.100486617212767
53,20,Female,1st Year,5.2,2.0,3.1,0,99,9,12:16:12,16:26:24,5.57,9.76,2.065437326072219
54,21,Other,1st Year,7.4,4.7,3.6,5,13,6,16:09:00,17:39:36,7.97,9.21,2.9295170997338036
55,24,Male,1st Year,4.1,11.6,2.9,3,9,6,08:15:00,16:14:24,5.98,7.97,2.8724139317277233
56,21,Female,4th Year,4.5,3.1,3.3,2,34,4,04:42:00,10:52:12,7.39,8.7,2.628472887692512
57,25,Other,2nd Year,8.0,7.9,1.5,2,24,4,20:40:12,21:25:12,6.54,10.87,3.2941195251354443
58,18,Female,2nd Year,4.9,3.9,2.4,0,2,5,05:41:24,03:51:36,8.42,9.63,2.741885002495362
59,20,Male,2nd Year,7.3,9.3,1.0,4,110,3,04:45:00,18:52:12,8.81,9.26,3.628621981831863
60,22,Female,1st Year,5.2,1.6,1.7,1,101,1,12:18:36,17:36:00,8.53,10.73,2.657156783753628
61,20,Female,2nd Year,4.5,11.6,3.2,4,16,1,01:21:00,11:37:48,6.08,9.35,2.4956925132362358
62,24,Female,2nd Year,5.2,5.4,4.0,4,11,7,05:28:48,07:48:00,5.78,9.1,2.4663782957572185
63,22,Female,1st Year,7.6,2.8,1.3,5,53,1,05:45:00,20:05:24,6.9,10.04,3.446271201813672
64,18,Male,3rd Year,8.3,0.9,2.2,0,115,1,06:18:00,15:39:00,5.03,9.85,3.2005194517541566
65,24,Female,1st Year,8.2,2.0,3.4,0,23,3,18:50:24,02:37:48,5.1,7.77,3.293426367035504
66,19,Female,2nd Year,6.0,6.2,1.6,0,28,10,17:26:24,16:45:00,7.21,8.89,3.0440200854601462
67,21,Other,1st Year,7.3,4.0,2.7,5,42,4,12:15:36,15:44:24,7.08,8.89,3.441953422345765
68,18,Female,3rd Year,5.0,9.9,3.2,3,24,4,16:27:36,05:16:12,8.98,8.51,2.675134377456323
69,21,Other,1st Year,5.5,5.2,2.8,4,99,2,13:16:48,21:00:00,5.81,9.07,3.0465273367701293
70,23,Male,2nd Year,8.5,3.0,1.6,5,59,1,03:20:24,12:42:36,6.03,8.65,3.174324466414358
71,19,Male,3rd Year,4.1,7.4,2.1,2,89,3,04:41:24,14:24:36,5.45,7.8,2.1656335180104
72,19,Male,4th Year,4.4,8.5,3.4,1,101,4,08:46:12,15:40:12,8.67,8.65,2.2280168868878816
73,18,Male,2nd Year,5.0,2.0,2.7,3,64,3,03:58:48,16:17:23.999999,8.11,7.29,2.6067982007094064
74,19,Other,3rd Year,4.1,2.0,1.0,2,83,8,05:32:24,20:10:12,8.29,9.3,2.6092887652313808
75,22,Female,3rd Year,4.9,0.4,3.3,4,118,10,12:59:24,15:42:00,8.61,10.41,2.161260469480989
76,19,Male,4th Year,6.9,8.8,1.1,0,27,1,17:46:48,21:08:24,7.1,9.9,2.4899221191749494
77,21,Female,1st Year,6.1,8.0,3.2,4,15,2,11:12:00,06:22:48,6.8,8.44,3.174963263399847
78,21,Other,1st Year,8.5,5.7,1.6,5,46,7,06:32:24,14:02:24,6.32,7.35,2.992937280521579
79,24,Other,2nd Year,8.1,10.1,3.9,1,80,4,12:50:24,13:07:12,7.36,7.81,3.1216497908727723
80,21,Other,4th Year,5.7,9.7,2.1,5,103,8,08:00:00,04:07:48,6.82,9.18,2.4362866546448765
81,24,Male,1st Year,5.3,7.0,2.0,3,91,3,20:01:12,08:50:24,6.81,7.83,2.92698798861156
82,21,Female,4th Year,5.9,10.4,1.4,3,57,6,06:17:23.999999,21:50:24,8.75,9.18,2.2501960167810946
83,22,Female,1st Year,7.0,2.5,1.9,1,75,9,04:55:48,03:08:24,8.94,7.93,3.48902821900098
84,25,Female,3rd Year,5.3,1.3,3.6,2,26,1,07:09:36,17:15:36,8.19,10.4,2.2138920543089444
85,24,Other,1st Year,7.1,3.2,4.0,2,117,1,01:41:24,19:51:00,8.03,8.59,3.1364027310328293
86,20,Male,4th Year,6.0,0.7,2.1,3,52,8,04:38:24,06:38:24,7.72,7.98,2.8285526529896208
87,23,Other,3rd Year,6.8,6.4,2.3,3,41,3,03:02:24,11:59:24,5.66,10.25,3.270776630462079
88,18,Other,3rd Year,6.2,11.2,3.2,0,58,5,02:24:00,13:19:12,5.24,8.37,3.3356494680948554
89,21,Female,3rd Year,5.5,0.5,3.7,2,46,1,05:10:12,17:00:36,7.76,7.45,2.8216753329720397
90,19,Other,4th Year,8.7,1.5,2.8,1,93,5,07:50:24,11:03:00,7.92,9.28,3.3014414319199035
91,25,Female,2nd Year,7.8,5.4,2.2,2,104,6,21:52:48,16:30:36,5.19,9.33,3.3425703149823582
92,21,Male,2nd Year,4.7,11.2,2.2,0,33,8,12:13:12,03:58:12,8.71,9.86,2.6450925019979312
93,19,Female,2nd Year,8.3,3.8,3.1,5,36,3,10:00:36,17:42:00,5.36,7.96,3.2505376220924953
94,23,Male,4th Year,6.4,6.1,1.0,3,5,3,15:37:12,04:18:36,6.14,8.78,3.47749819155787
95,23,Female,3rd Year,8.5,0.5,2.9,3,6,10,15:19:12,10:48:36,7.69,8.13,3.0747220042024765
96,23,Other,2nd Year,8.0,1.8,2.1,0,95,9,01:49:12,05:25:48,5.68,7.32,3.1344540092704776
97,19,Other,4th Year,6.1,11.8,3.4,1,95,4,03:16:12,07:44:24,5.22,10.51,2.4379326526761838
98,21,Male,2nd Year,4.1,11.6,1.3,3,116,4,04:10:12,08:04:12,6.32,9.92,2.1372014305288625
99,23,Male,1st Year,5.3,0.1,2.8,4,24,7,13:28:12,15:30:36,8.06,8.21,2.2612362560410526
100,22,Male,2nd Year,6.7,11.4,2.4,3,32,2,21:42:36,17:19:12,6.65,9.4,3.6607407082975683
101,24,Female,2nd Year,7.2,7.7,2.9,4,54,8,20:19:12,17:46:48,7.61,7.81,3.2225014426320686
102,19,Female,3rd Year,5.3,10.4,1.2,0,57,6,15:26:24,04:51:36,7.32,10.56,1.696222502853798
103,19,Male,4th Year,4.7,5.5,2.7,0,6,3,21:40:12,05:35:24,5.09,7.46,2.527053450703446
104,21,Other,3rd Year,8.2,6.2,2.7,3,115,9,21:38:24,13:11:24,8.95,7.02,3.1952625778204453
105,19,Female,3rd Year,8.9,5.9,2.7,2,56,5,02:45:00,19:21:00,5.17,9.01,3.3685848295561858
106,19,Female,3rd Year,6.6,8.0,2.8,4,11,8,07:10:12,14:21:00,8.87,9.33,3.425041682617891
107,23,Female,3rd Year,4.9,1.7,3.0,1,15,7,15:30:36,09:36:36,7.2,9.32,2.5677923670986855
108,21,Male,3rd Year,5.4,0.4,3.4,3,79,8,19:12:36,12:54:36,8.85,7.22,2.1876215734882587
109,23,Male,2nd Year,4.1,3.7,1.8,1,42,7,11:15:36,06:24:00,5.46,8.26,2.503803601512181
110,24,Male,3rd Year,8.6,8.5,3.5,3,116,3,21:53:24,02:03:00,6.96,9.0,3.15994115094359
111,25,Male,3rd Year,4.6,2.4,2.5,2,99,2,02:17:23.999999,18:10:48,5.68,7.87,2.1150269739703615
112,24,Male,4th Year,6.9,8.1,1.2,2,76,7,13:17:23.999999,12:48:36,5.2,10.49,3.4140475053784685
113,25,Other,1st Year,5.4,11.6,1.2,2,6,3,13:33:00,13:22:48,7.47,7.35,3.048276362746059
114,23,Other,2nd Year,6.8,1.1,2.0,5,99,3,13:48:00,15:54:36,5.83,8.95,3.2304344094614796
115,24,Male,2nd Year,7.3,8.1,3.4,2,110,2,20:32:24,18:02:24,7.35,9.77,3.181255883520676
116,21,Female,2nd Year,8.1,5.3,3.1,0,50,4,08:36:00,20:41:24,5.45,8.05,2.8851226163902424
117,18,Male,3rd Year,5.0,10.4,3.4,0,72,8,06:36:36,04:15:36,6.33,9.5,2.6413332683838364
118,23,Other,3rd Year,4.1,2.1,2.6,5,31,1,07:48:00,13:36:00,8.13,10.32,2.2780988523325667
119,25,Other,3rd Year,4.7,8.3,2.3,4,74,1,19:05:24,12:03:36,6.75,7.76,2.116855921063522
120,22,Female,4th Year,8.5,10.1,1.4,1,7,5,09:50:24,03:39:36,7.51,10.67,3.3524493597830163
121,25,Other,1st Year,8.4,11.3,2.0,3,96,5,10:02:24,06:28:12,7.59,9.21,3.181675378116747
122,22,Male,3rd Year,7.0,8.2,2.3,3,86,1,03:45:36,19:23:24,8.38,8.2,3.1400623959161944
123,19,Female,1st Year,7.0,6.0,1.3,5,88,6,14:02:24,10:41:24,6.3,8.72,3.2805128726680968
124,24,Male,4th Year,7.3,7.4,1.7,0,119,1,14:12:00,13:09:00,7.75,8.25,3.793840450504142
125,22,Male,2nd Year,4.9,10.4,2.8,3,71,5,09:00:36,06:03:36,8.85,9.9,3.991966751327026
126,25,Female,3rd Year,8.6,6.8,3.2,0,44,9,08:42:36,07:31:12,7.92,10.19,3.3421845893299773
127,19,Male,1st Year,6.1,0.4,4.0,4,85,5,12:09:00,08:11:24,6.96,10.33,3.9822698075584464
128,18,Other,1st Year,5.9,11.2,3.8,1,58,6,12:42:00,15:11:24,7.52,10.94,2.836580138546731
129,21,Male,3rd Year,6.6,8.3,2.9,4,3,8,11:37:12,05:54:00,7.96,10.17,3.005319688768538
130,21,Female,2nd Year,4.2,8.1,2.3,5,103,1,03:55:12,20:57:00,7.45,9.41,2.3702039890782762
131,21,Female,2nd Year,4.8,2.6,2.9,2,66,2,12:19:12,18:48:36,5.07,8.36,2.3475609953297942
132,22,Female,2nd Year,7.7,7.9,3.4,2,28,9,02:15:36,15:17:23.999999,5.78,9.18,3.318971134631513
133,18,Male,4th Year,4.4,4.7,1.4,2,104,3,11:25:12,20:27:36,8.24,7.16,3.0910706016039784
134,22,Female,1st Year,7.0,7.8,2.2,4,28,6,02:04:12,17:18:00,6.09,9.98,3.1581362968663824
135,24,Female,1st Year,5.2,1.3,3.5,3,97,5,04:30:36,05:24:00,7.93,8.78,1.7321483013924848
136,22,Male,1st Year,5.9,7.9,2.2,1,97,2,14:23:24,03:01:48,6.49,7.08,3.0597326152473876
137,18,Other,4th Year,5.4,12.0,2.7,2,27,7,03:51:36,15:54:36,7.09,7.25,2.1769728869452476
138,18,Male,1st Year,5.8,0.6,2.8,5,76,4,19:41:24,16:42:36,5.27,8.55,2.1314916336553034
139,24,Female,4th Year,7.6,11.7,1.6,5,78,1,02:34:11.999999,16:24:00,5.72,9.33,3.6217083735176785
140,18,Female,2nd Year,5.5,4.9,2.1,2,86,4,08:44:24,16:27:00,8.83,8.86,3.1470798416527392
141,25,Male,3rd Year,6.8,10.4,2.0,2,43,6,20:51:36,21:16:48,8.56,9.48,4.016434578330291
142,18,Other,1st Year,6.4,9.4,1.1,1,89,7,08:28:12,03:27:36,7.61,8.92,2.742670690035125
143,21,Female,1st Year,7.3,6.8,1.1,2,3,7,01:32:24,17:43:48,6.84,9.65,2.6794571316932037
144,25,Female,2nd Year,8.7,8.9,3.5,1,89,7,20:31:48,13:36:00,7.7,7.88,3.042570761871
145,25,Female,3rd Year,7.7,10.5,1.8,5,103,3,10:21:00,21:48:36,7.47,7.45,3.6305743053300903
146,24,Male,4th Year,5.1,4.8,2.6,2,8,6,06:18:00,04:50:24,7.27,9.39,2.317435283508192
147,20,Female,3rd Year,4.2,3.9,1.9,4,118,8,04:58:48,07:22:48,5.24,8.94,2.7906402841543745
148,20,Other,2nd Year,5.3,8.0,3.8,4,4,4,13:18:36,03:03:36,7.53,7.11,1.9662946143227393
149,18,Female,2nd Year,7.0,9.7,1.8,5,55,8,17:42:36,06:22:12,8.08,8.52,3.8182127684152483
150,25,Female,3rd Year,4.3,9.1,2.3,1,95,2,21:06:36,15:43:48,8.98,7.42,2.9268045140410783
151,20,Other,4th Year,6.5,9.6,3.6,4,83,10,09:49:48,17:02:24,5.04,9.13,3.5550333324687236
152,20,Female,4th Year,7.0,5.2,3.5,1,49,9,12:29:24,08:03:00,7.92,8.58,3.476320374746726
153,18,Male,1st Year,5.7,9.8,1.6,4,74,9,02:04:48,14:43:12,7.29,9.45,1.56593686731104
154,20,Male,4th Year,7.9,1.4,3.4,4,14,8,20:43:48,10:40:48,6.74,10.22,2.8014544307098688
155,22,Male,3rd Year,4.5,6.5,2.4,1,31,10,07:36:36,21:52:12,5.51,8.2,2.9415599844183347
156,19,Other,2nd Year,4.4,0.1,2.4,3,27,10,21:28:48,20:45:36,6.64,10.85,3.017742453378389
157,24,Female,1st Year,7.6,3.9,1.4,4,21,1,18:24:00,11:17:23.999999,6.42,9.14,3.585629237553263
158,19,Male,1st Year,6.5,4.4,1.2,2,104,2,12:28:12,10:40:48,6.21,9.47,4.046071392625919
159,18,Other,2nd Year,7.4,4.8,3.2,5,16,6,12:27:00,06:58:12,7.92,9.72,2.644230396315404
160,21,Female,4th Year,6.2,8.3,2.5,3,58,10,07:36:00,19:21:36,7.8,9.67,3.388442656607959
161,24,Other,2nd Year,5.2,4.7,2.3,1,89,5,02:53:24,11:44:24,7.36,9.04,3.0574160524275062
162,18,Male,4th Year,8.1,5.4,3.2,3,107,9,08:34:47.999999,18:06:36,8.75,8.72,2.8589667079325394
163,25,Male,2nd Year,8.0,2.9,3.3,0,70,5,01:58:48,20:08:24,6.4,7.22,2.8979029988877976
164,21,Male,3rd Year,7.5,4.5,1.5,0,105,2,03:29:24,13:47:24,5.98,7.09,3.1337517464849376
165,19,Other,4th Year,5.4,2.7,2.8,4,56,10,09:43:48,18:43:48,7.62,8.43,2.098450814620073
166,18,Other,3rd Year,7.0,0.9,1.4,4,25,4,04:29:24,17:33:36,5.8,8.33,3.6555750622808993
167,25,Male,1st Year,5.8,7.2,3.3,2,24,9,08:30:36,15:39:00,6.26,8.55,3.504857801891002
168,24,Other,2nd Year,4.5,8.0,3.0,5,9,1,20:21:00,16:48:36,5.9,7.55,2.6927224158188303
169,24,Male,1st Year,8.6,7.4,3.9,3,44,1,06:27:00,20:15:00,5.28,9.95,3.5342475562816866
170,23,Male,1st Year,4.7,5.6,1.2,0,82,7,20:00:36,20:12:00,8.31,10.43,2.8852958362401306
171,25,Female,1st Year,8.8,4.6,1.2,4,10,3,09:31:12,18:08:24,6.02,10.75,2.90678328409626
172,22,Other,1st Year,6.2,10.4,1.8,5,76,10,07:14:24,20:59:24,6.89,8.97,3.028074342746624
173,20,Male,2nd Year,4.9,6.2,1.8,3,52,2,20:36:00,09:28:12,5.17,9.8,2.585191564976465
174,21,Male,1st Year,6.7,5.8,1.7,4,71,9,17:09:00,16:15:00,7.8,10.42,2.991705489829709
175,25,Other,2nd Year,8.4,0.3,3.7,4,103,3,02:46:12,16:24:36,6.32,8.67,3.2324237778312437
176,23,Female,2nd Year,7.7,4.1,1.7,0,67,2,09:03:36,15:21:36,7.98,8.24,3.38138930941913
177,20,Female,3rd Year,8.0,4.6,1.8,0,110,8,16:49:48,08:44:24,6.65,10.75,3.2841556485687016
178,20,Male,4th Year,7.3,4.8,3.3,4,94,10,07:30:00,04:35:24,5.78,9.06,3.2876789656291945
179,18,Other,4th Year,7.5,7.0,2.3,1,27,6,09:28:12,06:49:12,7.05,8.99,2.5588738992303663
180,20,Female,2nd Year,8.2,6.4,3.3,4,74,6,11:28:12,07:27:00,5.52,7.71,3.1349990318072236
181,22,Other,3rd Year,5.2,7.3,1.2,5,106,10,01:30:00,12:18:36,6.76,7.43,2.6719603981260316
182,24,Other,2nd Year,6.4,9.2,2.5,4,64,7,07:39:00,08:07:12,6.27,10.37,3.2270299102344615
183,23,Male,2nd Year,5.1,9.8,1.1,2,48,7,14:07:12,10:56:24,8.65,9.46,2.0931716566628897
184,20,Female,2nd Year,8.9,8.6,1.2,2,46,6,05:12:00,17:40:12,5.24,8.3,2.9489052879457964
185,18,Male,3rd Year,8.7,11.5,3.7,2,51,4,03:25:12,17:49:48,7.78,7.77,2.9348442556661514
186,22,Female,4th Year,4.2,0.2,1.4,1,101,9,19:22:12,16:04:12,5.73,9.22,2.788220053394101
187,19,Female,3rd Year,7.5,2.3,2.6,1,87,6,17:47:24,03:46:48,6.28,9.34,4.434794896505689
188,24,Female,1st Year,8.6,0.1,2.2,4,53,4,17:27:36,11:03:00,6.66,7.83,3.2472067311575006
189,24,Female,3rd Year,4.9,7.8,2.0,2,59,3,07:28:48,07:19:12,8.63,10.41,3.035610698192971
190,23,Female,3rd Year,6.8,10.8,3.7,1,56,4,09:20:24,15:04:12,5.97,7.34,3.658831025708038
191,24,Other,3rd Year,8.6,2.9,1.1,0,46,3,09:00:00,13:51:00,5.37,8.42,3.212635702662273
192,20,Male,3rd Year,4.2,11.1,3.0,4,30,2,02:14:24,19:29:24,6.27,9.72,2.676071937587637
193,18,Other,4th Year,7.5,0.7,3.9,5,104,5,05:42:36,18:34:11.999999,5.42,8.1,2.774096196329228
194,24,Female,1st Year,5.5,11.2,2.7,3,45,2,19:18:36,05:27:00,5.51,10.31,2.7883008665644704
195,24,Male,4th Year,8.6,4.2,3.8,4,113,6,14:42:00,10:18:00,7.3,9.96,3.3140504548622416
196,19,Female,4th Year,8.9,1.2,1.2,3,25,3,12:51:36,15:15:00,5.24,10.16,3.122003142002978
197,19,Male,3rd Year,8.7,5.8,2.3,2,112,6,13:40:48,05:56:24,5.12,7.48,2.9859350114703638
198,21,Other,2nd Year,6.4,3.1,1.8,3,113,10,07:56:24,17:04:12,7.86,7.56,3.4569861182037003
199,22,Male,2nd Year,8.3,3.4,3.2,2,4,9,03:16:12,02:28:48,6.45,8.15,2.7009201178252837
200,20,Male,4th Year,8.2,3.7,3.9,0,83,1,15:34:11.999999,15:06:00,5.5,9.07,3.464329561328052
201,24,Male,4th Year,5.6,9.6,1.8,3,51,6,10:24:36,15:15:00,6.01,9.99,1.8464341169480296
202,25,Male,3rd Year,8.1,6.5,3.0,4,104,9,05:25:12,15:45:36,7.57,10.35,3.225712226601294
203,24,Male,4th Year,4.2,3.7,1.6,2,74,4,13:15:36,19:33:36,6.1,9.82,3.2357291960102788
204,18,Female,3rd Year,7.0,7.3,2.7,4,119,2,18:28:12,19:46:48,6.98,10.71,1.9733721065409806
205,21,Male,2nd Year,5.2,8.6,2.4,1,53,4,12:01:48,09:02:24,5.49,9.95,1.9499943693744073
206,22,Male,2nd Year,4.6,3.3,3.9,2,32,1,20:50:24,04:30:00,7.35,8.23,2.609600843547632
207,25,Other,1st Year,4.4,5.0,2.8,3,49,3,02:12:36,06:11:24,6.26,8.06,3.1038184485546605
208,21,Male,2nd Year,7.5,1.5,2.0,2,37,10,20:25:48,19:10:48,7.51,9.78,2.913678910881605
209,23,Other,4th Year,5.7,2.2,1.3,4,26,9,12:47:24,11:05:24,8.23,7.77,3.106975012988019
210,22,Female,2nd Year,7.6,8.2,1.5,0,97,10,10:52:12,19:53:24,7.45,7.37,3.4192170327188607
211,24,Male,3rd Year,4.3,2.2,1.7,2,14,5,01:18:36,21:05:24,6.18,9.13,2.2115269516297786
212,24,Other,2nd Year,5.6,6.3,1.8,3,95,6,18:30:36,08:52:12,6.02,10.29,2.2050400025333556
213,22,Other,1st Year,6.7,8.5,3.6,1,60,3,19:36:00,11:18:00,6.31,7.41,2.6942711871833973
214,24,Female,2nd Year,8.0,1.3,2.7,5,20,5,21:49:12,20:21:36,5.66,10.17,2.9307680643742304
215,20,Male,3rd Year,5.6,6.8,2.6,0,45,8,18:43:48,21:18:00,5.72,10.25,2.706651528859399
216,22,Male,3rd Year,7.1,3.1,1.3,1,68,6,17:39:00,02:12:00,8.16,8.93,3.387258733685432
217,21,Other,4th Year,8.4,11.6,3.6,2,5,4,08:45:36,21:24:00,6.54,7.23,3.3217097573701593
218,22,Male,2nd Year,7.1,5.8,3.2,4,37,2,17:23:24,13:06:36,6.74,7.7,2.5645607398186567
219,25,Other,3rd Year,5.2,9.7,1.2,4,61,9,21:34:11.999999,11:54:36,7.38,9.83,1.6773307734802347
220,24,Male,1st Year,4.1,6.6,3.1,3,85,1,04:38:24,19:39:00,7.36,9.85,2.1440814556417758
221,20,Other,4th Year,8.4,0.5,2.6,4,61,1,14:19:12,18:37:12,5.27,10.59,2.8100246739728543
222,20,Male,1st Year,4.1,7.6,1.2,0,81,4,14:34:11.999999,14:57:36,8.33,9.33,1.554181363199932
223,23,Female,2nd Year,8.4,11.4,2.4,4,77,7,15:39:00,06:46:12,5.71,7.5,3.048245944222954
224,21,Male,2nd Year,6.6,7.2,2.5,3,73,1,01:31:12,11:51:36,7.89,7.49,3.8828373318748723
225,19,Male,2nd Year,8.7,9.8,1.5,5,45,9,18:25:48,09:14:24,8.09,9.88,3.068937146245828
226,19,Female,4th Year,8.0,10.6,3.8,2,12,4,03:08:24,02:18:00,7.86,7.74,3.424152621219535
227,22,Male,3rd Year,9.0,2.7,3.5,2,94,3,05:41:24,06:38:24,7.32,8.31,2.9339220957848173
228,23,Female,4th Year,5.8,2.5,3.0,4,93,1,20:23:24,13:18:36,5.06,8.95,1.6870926689506276
229,18,Male,1st Year,7.8,7.3,2.4,1,2,10,01:16:48,13:04:12,6.44,7.1,3.480748530583712
230,22,Other,4th Year,6.0,4.9,2.2,2,93,4,16:18:00,09:37:12,7.42,8.0,3.3189692037199867
231,23,Other,1st Year,6.4,10.1,3.0,5,5,9,19:55:48,08:41:24,6.55,8.63,3.2919368772690576
232,21,Male,4th Year,7.1,10.8,2.6,4,92,10,04:34:47.999999,11:59:24,8.45,8.12,3.6900284785572675
233,21,Male,3rd Year,8.4,4.2,1.2,3,7,6,07:09:36,09:06:00,6.24,7.55,3.323819845801684
234,21,Male,1st Year,8.9,2.8,2.5,5,43,6,09:02:24,21:31:48,6.17,9.91,3.336069771627497
235,21,Other,2nd Year,7.8,9.4,3.4,4,108,1,18:43:12,13:24:36,6.06,10.25,3.706314694520756
236,21,Male,2nd Year,6.1,3.3,2.4,5,106,10,11:57:00,16:25:12,6.33,8.03,3.496765220575745
237,23,Other,4th Year,6.1,9.9,1.2,2,107,2,05:36:36,19:25:12,7.23,10.1,4.018164018468289
238,23,Female,2nd Year,7.7,5.1,3.4,3,32,6,15:37:12,20:00:36,7.83,8.54,3.20386147573482
239,20,Other,1st Year,5.2,8.0,1.6,4,80,2,15:27:00,09:56:24,7.65,9.03,1.8436819974656005
240,25,Other,2nd Year,4.6,1.1,1.8,0,111,3,21:55:48,11:31:48,8.23,10.42,2.2250849681124865
241,19,Female,3rd Year,5.8,7.5,1.5,3,74,4,18:20:24,16:55:48,8.54,10.0,2.772933244344833
242,24,Other,3rd Year,5.4,5.4,2.0,0,76,5,03:37:12,12:34:47.999999,8.26,10.22,1.826883821263626
243,21,Male,4th Year,5.5,7.0,3.3,5,49,9,12:43:12,12:09:36,5.08,7.55,2.508535380375333
244,18,Male,1st Year,5.2,2.0,2.6,1,10,4,01:19:48,18:06:00,7.94,7.28,2.2716468464272954
245,24,Other,3rd Year,4.2,8.8,1.6,3,94,9,13:41:24,08:57:36,5.83,10.57,1.76645204468619
246,23,Male,3rd Year,4.1,10.4,3.6,5,27,10,06:58:48,06:22:48,5.53,8.55,2.6644612184537317
247,18,Other,1st Year,8.9,2.6,3.6,0,107,3,16:04:48,06:10:12,7.55,8.15,3.256049543110164
248,18,Male,2nd Year,6.1,1.1,3.6,2,69,8,14:21:36,09:57:00,6.28,9.9,3.3652601142888896
249,18,Male,2nd Year,5.9,0.3,1.7,2,40,1,17:59:24,11:46:12,5.23,10.35,2.2169407995776518
250,20,Other,4th Year,7.4,7.7,2.4,1,15,9,14:42:36,20:46:48,5.55,10.45,3.4897406948767764
251,23,Male,2nd Year,5.1,7.3,4.0,3,67,9,10:30:36,16:14:24,5.0,8.26,2.655841307415481
252,18,Other,1st Year,8.7,6.6,3.3,3,98,10,01:10:12,20:07:48,8.61,10.41,3.159596470137922
253,21,Male,3rd Year,7.9,2.8,1.1,3,47,2,08:03:00,02:43:12,5.1,7.16,3.2605752824968537
254,22,Male,2nd Year,4.4,4.7,1.2,5,55,4,17:49:12,19:18:00,5.84,7.2,3.3320899640762933
255,18,Female,4th Year,6.1,7.1,2.4,1,63,8,21:03:36,18:57:36,6.67,9.49,2.916936658079424
256,20,Female,2nd Year,8.4,6.0,3.7,3,58,7,19:21:00,04:12:36,6.43,7.25,3.667563461043276
257,24,Other,1st Year,8.7,11.9,2.6,5,89,1,10:11:24,03:07:12,8.65,8.3,2.935143948930405
258,23,Female,4th Year,6.3,1.6,2.5,2,61,5,05:55:48,06:40:48,5.16,9.69,3.298261808360185
259,25,Other,2nd Year,7.1,8.3,1.3,0,120,7,02:15:00,21:53:24,7.05,8.35,3.215106603574411
260,20,Female,4th Year,4.8,4.9,3.0,5,75,4,21:40:12,21:58:12,7.72,7.72,2.9197591953721735
261,18,Male,1st Year,9.0,5.1,3.5,2,10,1,11:01:12,14:26:24,8.73,8.13,3.2985475741090227
262,23,Other,3rd Year,5.2,8.6,2.1,2,100,9,12:06:36,19:07:48,7.48,8.83,3.003561513288674
263,22,Other,1st Year,8.7,8.3,3.3,0,88,5,08:13:12,21:37:48,8.22,8.9,2.801633452690767
264,18,Male,1st Year,7.2,11.9,3.9,2,17,2,10:15:00,12:43:12,5.33,10.13,3.3297348508229385
265,20,Other,1st Year,7.0,1.5,1.6,1,18,8,07:34:11.999999,03:08:24,6.54,10.0,2.8752291231951586
266,19,Other,1st Year,6.6,1.2,2.6,0,86,2,08:10:48,15:31:12,6.5,8.83,3.830619882585021
267,21,Female,3rd Year,5.2,8.7,1.9,2,54,3,19:32:24,08:46:48,8.55,10.38,2.596888716738553
268,25,Other,3rd Year,4.9,6.9,3.4,4,101,10,05:12:36,08:57:36,5.61,7.46,2.720259683488512
269,24,Male,4th Year,5.1,3.3,2.7,5,117,1,19:24:36,16:58:48,5.61,8.02,3.440017161847018
270,20,Female,2nd Year,4.9,1.0,2.9,2,81,2,07:19:48,08:59:24,6.31,10.31,1.934380620028728
271,23,Female,3rd Year,7.9,1.0,3.4,1,25,7,13:15:36,17:45:00,5.22,8.51,3.1667256345121126
272,25,Male,3rd Year,5.8,10.7,2.2,3,5,10,11:12:36,19:33:36,5.73,10.92,1.8142311175948924
273,25,Male,2nd Year,4.3,2.3,3.7,2,3,2,03:01:48,07:58:12,8.86,8.87,2.514528546675606
274,25,Female,3rd Year,8.8,3.9,2.6,3,107,6,03:18:36,19:43:48,6.71,10.17,2.943260495512886
275,18,Other,1st Year,8.4,2.7,1.5,4,114,3,04:49:48,02:03:36,7.53,8.61,3.250311356799365
276,21,Female,1st Year,8.6,4.3,3.1,2,28,4,11:17:23.999999,18:19:48,7.9,8.7,3.347804708649596
277,18,Male,2nd Year,9.0,0.8,3.4,0,58,8,06:32:24,10:07:12,6.47,8.53,2.909479726490361
278,23,Female,4th Year,4.9,6.2,2.0,3,97,3,11:13:48,13:46:12,5.59,9.88,2.260485860164825
279,18,Male,4th Year,6.0,0.8,3.6,4,16,10,03:44:24,19:28:12,5.83,9.19,3.300077856455299
280,19,Female,2nd Year,7.8,9.6,3.7,0,106,6,13:32:24,21:26:24,6.25,10.78,2.952010299895465
281,21,Other,2nd Year,7.5,2.8,1.8,0,42,1,01:37:48,09:33:00,7.54,8.0,3.8122641798298744
282,21,Female,1st Year,4.8,6.5,4.0,0,116,7,02:25:12,05:51:36,6.59,7.4,2.699836338074823
283,23,Female,4th Year,8.1,10.6,1.4,0,79,8,06:25:48,05:09:36,5.03,8.57,3.3996492057948906
284,24,Male,3rd Year,5.1,7.8,1.6,2,65,8,16:07:48,12:21:00,7.09,9.47,2.3405970493789408
285,19,Male,1st Year,5.1,6.4,1.6,5,33,3,19:14:24,06:27:00,8.69,10.44,2.012721671481255
286,20,Male,2nd Year,6.7,3.9,3.7,2,118,10,04:03:00,08:32:24,8.25,8.38,3.7466848056974107
287,18,Female,4th Year,7.0,4.0,3.0,2,7,1,18:31:48,07:30:36,8.3,9.62,3.1415777306635424
288,22,Other,3rd Year,6.9,8.0,1.5,4,12,9,04:03:36,12:09:00,8.18,8.4,2.5169409323835383
289,18,Male,3rd Year,4.5,11.9,2.3,4,105,6,11:41:24,09:19:48,6.29,9.47,1.5004469000387606
290,25,Male,1st Year,8.4,7.9,2.8,5,7,9,13:27:36,05:53:24,8.06,10.54,2.845883463094278
291,18,Female,4th Year,5.3,6.7,1.3,4,93,7,03:01:48,14:02:24,5.57,7.93,2.9366899001916185
292,20,Male,4th Year,4.6,8.8,3.6,1,95,1,09:19:12,05:52:48,7.63,8.62,2.2340923708971054
293,18,Other,2nd Year,8.4,5.6,3.4,5,99,1,09:53:24,10:09:36,7.57,10.97,3.23357204129848
294,19,Other,4th Year,8.8,0.7,2.5,4,110,6,10:16:12,18:40:48,5.1,10.47,3.0327291582721556
295,19,Male,4th Year,8.3,6.7,3.9,5,93,5,14:12:36,21:30:36,8.15,9.26,3.1172892648771047
296,21,Male,1st Year,8.0,11.5,2.3,2,64,9,05:30:00,14:44:24,8.61,9.07,3.4312455810306233
297,23,Female,4th Year,7.3,2.1,4.0,2,42,2,16:41:24,11:04:12,6.07,8.14,3.4027751674925533
298,24,Other,3rd Year,6.8,8.3,3.0,5,38,8,02:16:48,05:12:00,8.25,9.07,4.345987914059554
299,22,Other,1st Year,4.4,2.4,2.9,1,80,5,03:13:48,19:27:00,5.33,10.39,3.965114929472187
300,25,Male,1st Year,6.0,6.4,1.5,1,58,2,14:54:36,06:00:00,7.4,9.74,2.885311399836965
301,18,Female,2nd Year,5.9,1.2,3.6,5,83,10,06:40:48,04:44:24,6.94,8.16,2.31607715534771
302,18,Other,4th Year,5.3,5.4,2.3,4,87,6,09:57:36,18:59:24,7.18,7.81,2.4324761955907577
303,20,Other,2nd Year,7.6,9.1,1.5,3,113,10,14:54:36,04:58:12,8.7,8.06,3.031061443874322
304,23,Female,3rd Year,6.5,4.2,1.0,1,85,8,01:14:24,02:10:12,8.49,7.68,3.241326641302475
305,19,Female,1st Year,4.4,8.0,2.7,0,92,4,21:28:12,07:27:36,8.14,7.38,2.57000439757085
306,22,Other,1st Year,5.1,9.5,2.6,2,85,2,16:41:24,06:18:00,6.09,8.68,2.7209963621092976
307,21,Other,1st Year,7.4,11.1,3.2,5,43,5,11:04:48,02:06:36,8.65,7.45,3.327930634000121
308,19,Female,3rd Year,4.4,2.8,3.7,0,8,2,11:02:24,09:53:24,5.39,7.69,2.003525117156059
309,25,Other,3rd Year,8.3,4.8,1.2,5,36,2,09:37:48,15:50:24,8.41,9.19,3.2204815469747747
310,23,Male,2nd Year,6.5,1.8,3.2,2,73,6,06:12:36,05:15:00,6.31,7.66,2.6522444708444683
311,25,Male,2nd Year,6.4,11.9,1.6,2,35,10,08:54:36,09:42:36,5.22,7.26,4.1484428685122365
312,24,Female,2nd Year,7.0,11.1,3.6,1,100,9,09:23:24,10:22:48,7.68,8.27,3.1744006254265806
313,21,Female,4th Year,8.1,6.5,3.5,1,91,4,20:52:48,16:55:48,5.93,7.88,2.660275483936364
314,24,Female,1st Year,5.7,10.1,2.6,0,27,6,14:05:24,06:52:12,5.97,9.06,3.000396189026296
315,20,Male,1st Year,7.4,6.3,3.1,5,41,7,17:07:48,20:22:12,6.22,7.41,2.7732780257713343
316,25,Other,2nd Year,6.8,7.5,1.9,2,42,6,16:25:48,03:30:36,5.25,10.01,2.909722716498709
317,20,Male,1st Year,5.3,1.1,2.4,0,84,8,10:21:36,15:28:48,5.71,10.62,2.5101913199181074
318,18,Other,2nd Year,8.4,9.1,3.5,3,87,4,17:48:36,19:26:24,5.02,9.97,3.1384325657592953
319,24,Male,4th Year,8.0,1.5,2.4,0,41,1,15:49:48,13:09:00,6.78,9.13,3.001276547713692
320,23,Other,4th Year,7.3,9.9,2.1,4,103,7,17:01:12,21:09:00,5.34,10.44,4.531093693777321
321,25,Male,3rd Year,8.3,9.4,2.5,0,65,3,02:04:48,08:18:36,7.73,9.78,3.0113192652119363
322,22,Female,4th Year,8.3,8.5,3.5,4,54,6,02:09:36,03:57:00,5.94,7.04,2.9925383896020716
323,21,Male,2nd Year,7.5,0.4,2.0,4,71,2,09:11:24,05:15:00,8.77,8.58,3.439043239051916
324,19,Other,4th Year,8.2,3.6,1.5,4,47,9,02:35:24,19:27:00,8.49,10.4,3.093521726988345
325,23,Male,3rd Year,7.5,3.2,3.1,3,90,1,05:30:00,19:28:12,6.16,8.38,3.368208261744827
326,23,Male,1st Year,7.4,4.3,3.5,0,21,6,09:36:36,05:43:48,8.13,7.14,3.489112298037113
327,20,Male,2nd Year,7.1,1.1,1.3,0,100,6,21:51:36,03:30:36,8.21,9.98,3.158229846624151
328,24,Female,1st Year,7.8,11.2,1.7,3,26,5,05:46:48,12:47:24,8.95,10.21,3.4855220847066852
329,25,Male,3rd Year,4.8,6.6,1.4,2,120,5,07:15:00,12:01:12,7.39,7.64,2.1626399601405284
330,25,Female,3rd Year,8.4,3.7,2.0,1,92,1,09:04:48,15:37:48,5.33,9.15,3.1018715801756764
331,18,Female,3rd Year,8.4,4.8,2.4,0,66,10,06:01:48,04:06:36,7.59,7.77,3.072468825580269
332,18,Male,1st Year,4.1,5.4,3.2,1,107,5,11:13:48,09:06:00,7.5,9.88,2.778070482111143
333,21,Male,1st Year,8.1,7.2,3.0,5,12,2,07:12:36,16:13:48,7.55,8.09,3.1234997684066146
334,20,Male,1st Year,4.6,6.2,2.9,5,44,7,02:21:36,16:01:12,6.23,8.26,3.15014480003137
335,23,Other,1st Year,5.7,11.0,2.1,3,9,3,14:06:36,04:10:48,8.44,10.38,2.2612866456954643
336,25,Male,3rd Year,7.7,6.0,3.5,5,99,4,07:07:48,21:43:48,8.84,8.91,2.9463614529827344
337,22,Female,3rd Year,4.8,11.9,2.4,5,8,3,12:00:36,15:33:00,5.87,9.68,2.771259192153631
338,20,Male,2nd Year,8.1,10.2,3.9,2,53,3,07:50:24,10:54:36,5.35,8.61,2.920657833300264
339,21,Other,2nd Year,8.2,2.5,2.9,2,119,4,05:58:48,19:02:24,5.78,8.19,3.0554350573930145
340,21,Male,1st Year,6.5,11.2,1.4,2,118,5,21:03:00,20:09:36,8.28,9.5,2.373020572512549
341,20,Other,4th Year,4.0,1.4,3.0,5,26,1,08:25:12,05:41:24,7.71,7.62,3.0621000702677197
342,21,Other,4th Year,5.4,9.8,2.0,3,33,4,17:14:24,04:06:36,7.54,8.49,1.6346278555227922
343,20,Male,3rd Year,7.1,4.6,3.1,4,114,8,07:55:48,05:31:48,6.61,7.84,3.785034626561682
344,19,Female,3rd Year,8.9,10.5,1.2,4,0,10,12:10:12,04:01:12,7.31,9.78,3.1736179021383144
345,20,Other,3rd Year,7.2,10.4,1.5,1,31,7,05:45:36,10:56:24,6.23,10.78,3.89302364870193
346,24,Male,2nd Year,5.3,9.7,3.6,4,88,9,19:24:36,05:45:00,6.91,10.98,2.792740986216303
347,20,Male,2nd Year,7.2,9.5,1.7,4,92,5,08:51:00,14:19:12,8.17,8.8,3.258018906133914
348,21,Female,3rd Year,6.7,3.7,3.5,2,70,10,16:09:00,08:40:12,8.92,8.01,2.7956132701077276
349,25,Other,3rd Year,7.9,1.0,1.8,2,112,4,04:05:24,02:13:12,8.73,8.77,2.811378662299575
350,24,Other,3rd Year,4.5,4.8,2.9,5,66,8,02:30:00,17:29:24,8.74,10.39,2.5810074887409686
351,21,Male,4th Year,7.8,2.1,3.1,1,83,9,01:04:48,14:12:00,6.61,7.82,3.8835243631409693
352,18,Male,2nd Year,6.7,8.3,2.5,0,19,7,05:16:48,12:24:00,6.88,10.81,3.6337918962546563
353,18,Female,4th Year,8.8,4.2,1.9,1,116,7,06:10:12,19:14:24,7.82,8.37,3.2594242020055253
354,25,Female,4th Year,5.7,11.7,1.6,1,93,5,17:28:12,20:22:48,8.69,10.94,3.3495346794358265
355,25,Other,3rd Year,7.2,7.7,1.1,3,34,4,14:56:24,05:24:36,5.57,10.35,3.4905723934554835
356,24,Other,3rd Year,8.7,9.9,1.9,5,98,10,12:13:12,02:27:36,6.22,10.23,3.325518604373168
357,19,Male,1st Year,4.5,1.6,3.0,3,112,1,05:45:36,13:54:36,5.56,8.27,1.6433808769399962
358,25,Other,1st Year,8.7,10.3,3.8,1,102,10,02:47:24,20:15:00,7.45,7.04,3.271419093328528
359,18,Female,4th Year,7.4,11.1,3.6,1,90,10,18:01:48,20:40:48,6.23,8.53,3.9236869498531517
360,20,Female,2nd Year,4.3,5.8,3.3,1,89,7,02:37:48,04:10:12,6.3,8.21,2.1189751685577147
361,21,Male,3rd Year,5.5,7.3,3.4,4,77,1,07:23:24,12:43:12,5.28,7.15,1.99579667672126
362,18,Female,3rd Year,7.5,9.2,3.0,3,16,1,09:10:12,15:36:00,6.4,9.02,3.4645264323233516
363,18,Female,4th Year,4.3,2.1,1.8,1,17,5,17:48:00,12:28:12,8.45,8.61,2.358924995294089
364,19,Female,1st Year,6.9,6.0,3.7,2,44,9,20:49:48,15:37:48,5.93,9.54,2.9373817440908234
365,24,Female,2nd Year,5.7,4.8,3.0,5,115,6,10:03:36,12:13:12,7.78,9.48,2.2774291642396856
366,24,Male,1st Year,7.1,1.8,2.7,5,92,3,08:19:12,04:48:36,7.52,7.48,2.8782046454016506
367,23,Male,1st Year,4.2,4.4,1.3,2,83,3,17:34:11.999999,10:09:00,8.45,10.91,2.747798504702515
368,19,Other,1st Year,8.4,0.8,2.3,5,52,7,10:18:36,08:06:36,5.53,7.75,3.231254704446098
369,20,Female,1st Year,8.9,0.3,2.4,4,90,6,04:00:36,14:42:36,8.91,8.78,2.919716045775444
370,24,Other,3rd Year,8.8,1.6,3.6,4,81,9,04:27:36,07:13:48,7.33,8.95,3.3390204372351686
371,21,Male,3rd Year,7.7,11.6,2.6,0,67,6,02:31:48,08:40:12,8.98,10.25,3.0693402465062696
372,25,Male,1st Year,4.7,6.6,2.1,0,64,5,14:19:12,19:36:36,8.65,7.4,1.7949433391140668
373,19,Male,2nd Year,7.8,11.6,3.9,0,113,10,15:19:12,10:33:00,5.89,8.71,2.832134684229241
374,25,Male,4th Year,4.1,5.2,1.3,5,0,7,06:15:36,16:52:12,5.22,9.51,2.81373292969947
375,18,Male,2nd Year,4.1,3.7,2.3,4,57,1,12:57:00,05:55:12,6.02,7.86,2.66652300847972
376,21,Male,2nd Year,5.6,6.1,1.1,4,25,7,20:09:36,13:28:48,7.11,9.51,2.561078986522357
377,21,Male,2nd Year,6.4,5.3,3.2,4,108,3,16:03:36,02:06:36,5.69,10.69,3.287536945949396
378,18,Female,1st Year,7.9,1.3,3.8,2,19,9,13:12:36,20:09:00,5.67,10.99,3.218782837456623
379,19,Other,3rd Year,7.4,7.7,1.8,4,115,6,15:51:36,06:23:24,6.85,7.13,3.5790848421966657
380,18,Male,2nd Year,6.2,2.6,3.6,2,86,9,15:01:12,08:31:48,5.13,7.94,3.23409835853105
381,25,Female,1st Year,5.4,7.4,1.9,0,9,5,15:49:48,06:39:00,5.49,8.24,3.801625187825123
382,23,Female,2nd Year,9.0,7.8,3.7,0,58,7,21:07:48,15:51:00,6.66,8.6,2.845034538409873
383,21,Other,2nd Year,6.1,1.8,3.3,5,74,4,08:37:12,12:09:36,5.25,7.97,3.2333011605406576
384,22,Male,1st Year,6.3,0.7,3.4,0,40,7,09:27:36,06:04:12,6.59,7.81,3.4586104437937775
385,22,Other,3rd Year,4.8,9.4,1.1,5,104,1,08:16:48,17:21:00,6.9,10.82,2.4168720887050816
386,25,Male,3rd Year,8.0,5.5,3.9,1,4,7,17:57:36,17:28:48,6.81,10.67,2.975868174813175
387,20,Female,4th Year,7.5,0.7,3.2,1,64,8,15:47:24,10:58:48,8.48,7.19,3.5197690522953007
388,24,Female,1st Year,5.1,11.9,1.9,3,16,5,08:59:24,11:31:48,7.12,8.36,3.5996050487956883
389,18,Female,4th Year,4.4,0.7,3.5,5,21,2,09:24:36,16:21:00,6.87,8.62,3.837376262812584
390,18,Female,4th Year,7.4,8.3,1.8,3,97,5,11:22:12,16:02:24,6.64,7.96,3.344957816748475
391,20,Other,4th Year,7.3,11.8,3.6,3,119,6,14:38:24,16:26:24,8.27,9.52,3.9888763296973813
392,20,Male,3rd Year,5.4,2.9,1.3,1,108,2,02:49:48,06:34:11.999999,8.58,9.56,2.2311656912049656
393,25,Male,1st Year,8.8,1.7,3.1,5,40,6,14:51:36,08:57:36,8.41,10.4,3.518999948244856
394,25,Other,4th Year,4.8,1.5,2.6,1,92,6,12:25:48,05:21:00,7.69,9.96,2.274891412998122
395,20,Male,1st Year,6.2,3.6,1.3,3,67,1,07:45:36,02:29:24,5.55,9.17,2.508879022090989
396,21,Female,1st Year,8.7,1.2,1.7,5,68,1,10:36:00,12:31:12,6.11,9.61,2.817655696355088
397,25,Male,3rd Year,6.1,8.3,1.0,3,10,10,14:43:12,20:40:12,5.18,8.1,3.1458749149437653
398,23,Female,4th Year,7.2,0.7,2.4,4,55,3,12:51:00,21:02:24,8.72,9.37,2.7555043289758876
399,25,Other,4th Year,6.0,6.1,1.9,5,50,10,05:19:12,16:05:24,7.64,8.96,2.4767731536990283
400,18,Male,1st Year,5.4,12.0,2.8,5,20,10,16:09:36,03:21:00,7.99,7.53,3.0322290119468516
401,25,Other,2nd Year,8.9,9.8,1.9,3,98,3,19:00:36,11:32:24,6.25,7.97,2.9328729525624317
402,21,Male,3rd Year,6.0,7.4,1.9,4,75,4,15:25:12,16:33:36,8.38,8.17,3.0252199189753455
403,20,Female,3rd Year,8.5,3.7,3.2,2,25,2,04:09:36,14:01:12,6.04,10.7,3.239301745342672
404,18,Other,3rd Year,5.1,7.5,1.1,1,114,9,20:07:48,10:01:48,5.01,7.92,2.877645977999211
405,25,Male,3rd Year,5.1,6.3,3.7,3,18,10,01:10:12,08:56:24,6.51,8.16,2.589643352296862
406,21,Female,4th Year,4.2,5.1,3.6,5,108,7,10:38:24,18:55:12,7.28,8.48,2.8588521246132736
407,23,Other,4th Year,7.3,1.6,3.0,1,59,7,01:19:12,02:27:36,6.91,9.65,3.369332894098053
408,25,Other,2nd Year,5.8,10.6,2.8,1,70,6,02:16:48,11:06:00,8.45,7.47,1.4942517747206745
409,21,Male,3rd Year,8.3,5.4,3.7,1,46,3,12:29:24,19:17:23.999999,5.42,10.82,3.404888096216787
410,23,Male,3rd Year,6.4,2.3,1.6,2,118,6,17:49:48,04:07:48,7.22,10.46,3.084531430838002
411,20,Male,1st Year,8.8,4.4,1.2,0,70,8,18:32:24,20:30:36,7.05,9.31,2.7577880688565566
412,25,Female,4th Year,4.9,5.0,1.7,3,25,8,16:57:36,03:51:00,6.13,9.7,1.6182526061741371
413,23,Male,3rd Year,8.3,9.9,3.4,0,39,9,07:05:24,02:04:12,8.29,7.07,2.9730078176312267
414,18,Other,2nd Year,7.9,8.8,1.1,0,4,1,16:16:12,07:59:24,8.01,8.36,3.1848078345436677
415,20,Other,2nd Year,7.9,9.2,2.7,0,20,1,14:49:48,06:35:24,7.93,10.18,3.6726688183102825
416,18,Male,4th Year,8.2,0.1,4.0,1,77,3,12:34:47.999999,15:15:00,8.5,7.31,3.327246087697956
417,22,Male,2nd Year,7.8,5.0,3.6,4,3,3,02:49:12,03:10:12,7.89,8.13,2.786587921488053
418,19,Other,2nd Year,7.1,5.8,2.6,1,22,10,18:01:12,11:24:36,5.93,9.34,3.59913119383095
419,25,Female,4th Year,4.7,0.2,1.2,1,105,8,21:53:24,07:21:00,7.82,8.03,1.910364808400995
420,23,Male,3rd Year,4.2,3.1,3.5,5,83,10,20:44:24,03:31:12,6.23,10.74,2.160401958627262
421,19,Male,3rd Year,8.6,9.1,2.8,5,14,1,03:00:00,02:30:00,5.97,7.52,3.056663233268834
422,19,Other,2nd Year,7.1,1.6,1.3,0,113,2,08:24:00,05:20:24,5.29,10.19,3.221926722927002
423,23,Male,2nd Year,8.0,6.4,1.3,1,115,2,16:16:12,15:56:24,7.98,9.03,2.867802647036785
424,20,Female,3rd Year,6.4,2.6,3.7,0,108,3,18:16:48,02:40:12,7.84,10.0,2.6166455287557535
425,25,Other,4th Year,4.6,0.1,3.0,5,92,6,15:49:12,09:26:24,5.94,8.24,2.4895397689284815
426,22,Male,2nd Year,4.6,2.9,3.5,4,7,1,19:35:24,03:23:24,8.0,9.06,2.722994707540672
427,18,Other,1st Year,7.4,11.7,3.6,3,40,2,02:13:48,08:28:48,8.67,10.43,3.7775624863135526
428,21,Male,4th Year,6.2,9.6,2.7,0,111,1,05:31:48,15:51:36,5.43,8.87,3.4670746796104623
429,18,Male,2nd Year,5.0,11.5,2.6,4,18,5,12:17:23.999999,14:36:00,5.93,8.44,1.9776034383950711
430,21,Male,2nd Year,6.5,5.9,2.3,3,111,7,03:50:24,10:59:24,8.0,9.14,3.393243520526443
431,18,Female,1st Year,4.3,1.3,2.0,2,102,8,16:45:36,06:12:00,6.1,9.87,2.107967666123183
432,23,Female,1st Year,6.9,6.6,2.3,0,45,10,06:56:24,15:38:24,7.5,8.77,3.097862953910128
433,22,Other,3rd Year,5.3,5.5,3.3,0,27,1,04:01:12,10:24:36,5.32,10.76,2.537239110992643
434,25,Male,4th Year,8.0,10.1,2.8,2,109,7,14:30:36,15:05:24,6.81,8.18,2.8221914947154123
435,21,Male,4th Year,5.6,1.2,3.7,2,120,5,06:05:24,05:40:48,7.96,8.9,2.6613492530631255
436,25,Female,3rd Year,6.3,5.9,2.3,0,90,10,15:48:00,12:40:12,7.75,10.03,3.1780037173850846
437,25,Male,4th Year,4.1,1.8,2.8,2,67,1,15:43:12,20:28:12,8.26,9.76,1.9696281771475905
438,25,Female,4th Year,4.4,3.9,2.9,1,14,3,19:45:00,18:40:48,8.51,10.45,3.113965211499172
439,24,Male,4th Year,6.0,8.8,2.8,3,98,7,12:45:36,20:46:48,8.09,10.99,3.5322904624375697
440,20,Other,4th Year,6.4,5.7,3.1,3,36,10,06:40:48,12:00:36,7.69,8.71,3.3883441728071872
441,18,Male,4th Year,7.0,4.5,1.7,3,0,1,02:15:36,19:52:12,5.13,7.44,3.0519209564530647
442,25,Male,1st Year,5.5,4.7,2.5,1,66,7,09:19:12,19:43:12,7.14,7.12,2.0903348392317076
443,18,Female,4th Year,7.5,5.5,1.3,2,110,5,03:52:12,03:10:48,5.15,9.91,3.5061422206570807
444,25,Male,1st Year,8.3,9.4,2.2,4,23,1,04:43:48,04:33:00,8.23,10.5,3.2736351533170014
445,21,Male,4th Year,7.9,10.7,2.5,2,26,1,18:21:36,12:57:36,6.28,7.88,3.398146326645611
446,20,Female,3rd Year,4.2,11.5,3.0,0,39,1,11:48:00,02:16:48,7.25,7.63,2.544493426495002
447,20,Other,2nd Year,6.4,9.4,3.9,5,62,9,19:32:24,22:00:00,6.12,7.25,3.2933680732309814
448,23,Other,1st Year,4.5,3.8,2.8,3,60,3,07:40:12,09:43:12,8.13,10.29,2.414682856910535
449,24,Female,4th Year,5.2,8.3,3.2,2,35,5,02:03:00,09:40:12,8.55,8.25,3.2263529302935
450,23,Female,3rd Year,8.9,5.3,2.5,4,97,10,19:07:12,12:51:00,6.59,8.61,3.1786424346317492
451,23,Female,2nd Year,4.7,3.1,2.9,0,92,9,06:35:24,14:03:36,8.45,9.01,2.51175253823206
452,23,Female,1st Year,6.5,10.1,1.2,1,23,6,08:43:12,12:53:24,6.07,10.36,3.412859046041864
453,23,Female,2nd Year,7.1,0.5,1.8,1,23,9,09:44:24,13:42:00,7.14,9.6,3.3995093287746108
454,23,Other,3rd Year,7.5,10.8,2.1,4,105,8,13:48:36,07:23:24,8.44,9.46,2.7814051218073086
455,22,Other,1st Year,6.8,5.5,2.4,0,3,8,14:32:24,19:17:23.999999,6.3,7.7,3.3820184679163177
456,20,Female,2nd Year,4.0,7.6,1.1,3,66,1,21:03:00,18:03:00,8.82,9.05,1.971575357606409
457,23,Male,4th Year,5.6,7.9,1.4,2,33,9,17:25:12,18:23:24,5.49,9.86,2.063996760729884
458,25,Female,1st Year,6.6,10.7,1.8,0,56,6,21:40:48,16:45:00,5.07,10.89,3.1550623528504853
459,20,Male,2nd Year,4.4,7.6,3.9,1,48,9,09:47:24,11:29:24,8.62,7.81,2.3480620182523446
460,20,Female,3rd Year,5.8,7.4,2.0,4,86,3,19:46:48,19:46:48,5.27,7.04,2.2023411062989355
461,19,Female,3rd Year,4.2,0.8,2.4,4,52,3,03:40:12,04:38:24,8.97,7.3,3.0733218701192646
462,22,Other,1st Year,4.4,6.2,1.6,2,119,6,11:00:36,16:03:00,8.81,8.5,1.5903988705125465
463,23,Male,2nd Year,6.0,1.8,2.8,4,115,9,07:18:36,18:45:00,5.55,10.28,2.977820612848423
464,18,Male,1st Year,4.7,8.8,1.8,4,22,7,13:22:12,08:29:24,7.15,7.03,2.496526554579289
465,21,Other,1st Year,6.8,6.1,1.6,0,108,3,10:13:48,21:14:24,5.74,8.83,3.114889480538767
466,24,Other,2nd Year,7.4,8.2,2.5,3,68,3,02:12:00,09:36:00,6.71,8.32,3.5820485832473246
467,25,Other,2nd Year,8.0,0.5,1.0,2,94,2,20:15:36,08:02:24,5.25,7.21,2.936920780424786
468,18,Other,4th Year,5.0,1.0,1.0,0,52,9,16:40:12,17:42:00,5.9,8.8,2.161274725989883
469,22,Male,2nd Year,4.8,8.6,1.7,3,61,3,05:37:12,21:09:36,6.45,8.02,2.4525384312304963
470,21,Male,3rd Year,4.5,0.9,1.1,0,40,5,19:55:48,14:43:48,6.75,8.41,2.6466162676818406
471,22,Female,1st Year,7.2,0.9,1.3,5,56,9,20:24:36,20:01:48,8.91,9.82,2.4491694065128473
472,25,Female,1st Year,7.5,0.1,2.0,0,120,8,14:24:36,19:40:12,8.23,9.09,2.7696073284107907
473,20,Other,3rd Year,4.2,11.5,3.4,4,59,2,20:03:36,16:54:36,7.95,7.5,2.61989047718423
474,21,Other,2nd Year,8.7,8.9,2.7,3,53,3,09:42:36,16:05:24,7.15,10.85,3.3562349554474964
475,20,Other,3rd Year,4.3,4.2,2.5,2,69,2,17:15:00,11:24:00,8.36,9.54,2.995208302444062
476,25,Female,3rd Year,6.7,3.6,1.9,2,100,8,03:11:24,08:25:48,6.36,10.06,2.981171820861735
477,18,Female,4th Year,7.5,4.2,3.8,3,56,6,05:33:00,10:08:24,7.84,7.32,2.875422000288972
478,25,Female,3rd Year,8.4,9.3,2.2,4,9,6,07:18:36,19:01:48,8.98,7.19,3.046370105977862
479,18,Female,1st Year,7.6,7.9,1.3,1,39,9,09:02:24,18:33:36,6.26,7.08,3.065754261645447
480,21,Female,3rd Year,8.0,2.2,2.9,0,6,8,03:52:12,04:25:12,7.7,7.76,3.0577473707846394
481,21,Female,1st Year,5.7,2.1,1.3,4,102,4,17:19:12,10:49:48,8.38,8.66,3.074973749573791
482,23,Female,1st Year,8.1,1.2,2.0,5,37,4,03:39:36,04:36:00,8.66,10.74,3.0076339888332004
483,22,Other,1st Year,4.4,7.9,2.5,3,84,9,05:25:12,14:34:11.999999,7.87,8.83,3.0776170739810547
484,23,Other,2nd Year,8.5,9.2,3.6,0,60,1,06:17:23.999999,09:42:36,6.13,8.16,3.1398977833420108
485,22,Other,4th Year,6.7,3.2,2.5,2,83,2,10:12:36,11:31:48,6.31,9.25,3.3833076982273456
486,23,Other,1st Year,8.1,0.3,3.1,1,2,2,16:49:48,15:37:12,5.08,7.45,3.300041902591258
487,20,Female,1st Year,6.3,1.0,4.0,5,50,6,13:06:36,12:36:00,8.04,9.44,2.51223328656672
488,21,Male,2nd Year,7.2,11.6,1.4,2,85,4,05:20:24,11:57:00,5.17,9.27,2.3444277771810755
489,18,Female,1st Year,6.6,3.5,1.8,3,46,10,21:19:48,17:58:48,8.46,10.17,2.716623813226339
490,22,Male,3rd Year,7.7,9.2,2.2,0,67,3,05:34:47.999999,15:42:00,5.47,10.95,3.7151263482945382
491,25,Other,3rd Year,4.4,7.5,2.3,3,91,3,16:57:36,06:10:12,5.69,8.0,2.793707553764553
492,22,Female,4th Year,4.3,4.6,2.2,0,75,3,18:58:12,03:40:48,6.91,9.04,2.95125133373329
493,18,Other,1st Year,5.2,2.5,3.7,4,37,6,19:34:11.999999,14:48:00,7.95,10.64,1.7856339949534688
494,23,Female,2nd Year,4.8,1.5,3.1,1,114,8,21:25:48,15:51:36,5.56,10.14,2.6567701834494706
495,22,Other,3rd Year,8.4,7.4,2.8,4,35,7,11:00:00,18:06:00,6.76,8.95,3.087915649467902
496,24,Male,2nd Year,5.1,9.3,1.9,4,110,4,17:25:12,08:25:48,6.93,10.78,2.4990920911489334
497,20,Male,2nd Year,8.9,7.7,3.5,3,40,4,01:13:12,15:32:24,5.85,7.23,3.089816856669733
498,21,Male,3rd Year,5.7,6.4,3.9,1,68,10,09:56:24,02:15:00,5.46,10.72,3.1790021249437665
499,18,Female,2nd Year,4.9,0.5,3.5,0,12,2,19:06:00,15:29:24,8.35,7.2,1.9908089660383976
500,21,Male,3rd Year,7.9,11.6,1.0,0,86,1,07:32:24,14:07:12,7.01,9.19,3.404850730136978
